"celltype","sample","predicted_age"
"Oligo","ControlSVZ",26.3259903223869
"Oligo","ControlSVZ",18.5912352139062
"Oligo","ControlSVZ",24.2527359770254
"Oligo","ControlSVZ",15.6856112637357
"Oligo","ControlSVZ",13.734284281429
"Oligo","ControlSVZ",16.7250631349993
"Oligo","ControlSVZ",16.0774825872756
"Oligo","ControlSVZ",16.5018631116733
"Oligo","ControlSVZ",15.8236966189004
"Oligo","ControlSVZ",18.4780274331967
"Oligo","ControlSVZ",20.3646609579021
"Oligo","ControlSVZ",20.9675290716784
"Oligo","ControlSVZ",19.498251092377
"Oligo","ControlSVZ",19.7638121726148
"Oligo","ControlSVZ",9.13511001304377
"Oligo","ControlSVZ",7.68710008547204
"Oligo","ControlSVZ",7.58257307589409
"Oligo","ControlSVZ",15.5497674346717
"Oligo","ControlSVZ",10.6834140346598
"Oligo","ControlSVZ",21.0969228294095
"Oligo","ControlSVZ",16.1306391973993
"Oligo","ControlSVZ",20.4172092214358
"Oligo","ControlSVZ",11.2341798972084
"Oligo","ControlSVZ",9.95434728810398
"Oligo","ControlSVZ",5.66517173284137
"Oligo","ControlSVZ",10.3825995113301
"Oligo","ControlSVZ",21.6089287121546
"Oligo","ControlSVZ",13.973822223932
"Oligo","ControlSVZ",21.2949455867621
"Oligo","ControlSVZ",13.8958875389483
"Oligo","ControlSVZ",9.71092190066445
"Oligo","ControlSVZ",16.238471151472
"Oligo","ControlSVZ",19.5645842862745
"Oligo","ControlSVZ",14.4430234354143
"Oligo","ControlSVZ",18.9548229153942
"Oligo","ControlSVZ",15.9707789835227
"Oligo","ControlSVZ",14.9616438230189
"Oligo","ControlSVZ",13.3576410358577
"Oligo","ControlSVZ",19.2007200674177
"Oligo","ControlSVZ",16.0642269015747
"Oligo","ControlSVZ",11.3119454637807
"Oligo","ControlSVZ",20.5716432466121
"Oligo","ControlSVZ",20.3877292170312
"Oligo","ControlSVZ",23.9512896502344
"Oligo","ControlSVZ",29.9829484426634
"Oligo","ControlSVZ",12.6959737669613
"Oligo","ControlSVZ",34.4387752333506
"Oligo","ControlSVZ",24.1563845915329
"Oligo","ControlSVZ",14.0336588979471
"Oligo","ControlSVZ",6.0690969284257
"Oligo","ControlSVZ",13.0749735949276
"Oligo","ControlSVZ",15.0142490203701
"Oligo","ControlSVZ",27.9502587422068
"Oligo","ControlSVZ",13.720496874989
"Oligo","ControlSVZ",21.1734810000079
"Oligo","ControlSVZ",11.2619195013642
"Oligo","ControlSVZ",10.7013324072632
"Oligo","ControlSVZ",9.9737543949711
"Oligo","ControlSVZ",23.6647914622847
"Oligo","ControlSVZ",22.7632720489396
"Oligo","ControlSVZ",16.8700842465035
"Oligo","ControlSVZ",14.8227228110774
"Oligo","ControlSVZ",13.9748132443714
"Oligo","ControlSVZ",26.6614320355829
"Oligo","ControlSVZ",13.3892738709197
"Oligo","ControlSVZ",27.881439986067
"Oligo","ControlSVZ",20.54598670967
"Oligo","ControlSVZ",23.6981870991085
"Oligo","ControlSVZ",20.711638071412
"Oligo","ControlSVZ",24.1553329267496
"Oligo","ControlSVZ",12.4477569537202
"Oligo","ControlSVZ",6.71733754008409
"Oligo","ControlSVZ",19.1583473109989
"Oligo","ControlSVZ",9.37827163459928
"Oligo","ControlSVZ",6.50060345807584
"Oligo","ControlSVZ",24.5726617118103
"Oligo","ControlSVZ",25.4116124410486
"Oligo","ControlSVZ",15.4390462718521
"Oligo","ControlSVZ",15.6689755601832
"Oligo","ControlSVZ",27.1711057353747
"Oligo","ControlSVZ",11.7017526094168
"Oligo","ControlSVZ",21.9823618608128
"Oligo","ControlSVZ",25.6884099700843
"Oligo","ControlSVZ",13.6555590413662
"Oligo","ControlSVZ",9.01961461633275
"Oligo","ControlSVZ",17.3067916750543
"Oligo","ControlSVZ",25.9523859227243
"Oligo","ControlSVZ",26.2798272531527
"Oligo","ControlSVZ",18.0732474055538
"Oligo","ControlSVZ",34.6729617693242
"Oligo","ControlSVZ",20.6272142742118
"Oligo","ControlSVZ",16.5182492835473
"Oligo","ControlSVZ",19.5808845436831
"Oligo","ControlSVZ",12.6032364490977
"Oligo","ControlSVZ",21.4064034030611
"Oligo","ControlSVZ",18.0752454696236
"Oligo","ControlSVZ",25.1856670986098
"Oligo","ControlSVZ",13.2284816161
"Oligo","ControlSVZ",25.8963787182022
"Oligo","ControlSVZ",19.2394601470528
"Oligo","ControlSVZ",29.910702751469
"Oligo","ControlSVZ",15.732961380765
"Oligo","ControlSVZ",20.3688385278725
"Oligo","ControlSVZ",20.6106784152977
"Oligo","ControlSVZ",15.0799308493559
"Oligo","ControlSVZ",16.8931224808078
"Oligo","ControlSVZ",29.4108402197551
"Oligo","ControlSVZ",22.6638496285892
"Oligo","ControlSVZ",19.6391075100591
"Oligo","ControlSVZ",31.8346269973212
"Oligo","ControlSVZ",16.3694157281191
"Oligo","ControlSVZ",13.7922438534476
"Oligo","ControlSVZ",23.9370752156194
"Oligo","ControlSVZ",24.648855242164
"Oligo","ControlSVZ",23.7352059576624
"Oligo","ControlSVZ",9.37295133548236
"Oligo","ControlSVZ",12.3698008468418
"Oligo","ControlSVZ",16.6796648588057
"Oligo","ControlSVZ",11.6623351430163
"Oligo","ControlSVZ",20.3466152218377
"Oligo","ControlSVZ",19.515475651149
"Oligo","ControlSVZ",15.426576286488
"Oligo","ControlSVZ",12.5247830961244
"Oligo","ControlSVZ",21.3768446062499
"Oligo","ControlSVZ",19.6863368376214
"Oligo","ControlSVZ",18.4080744044847
"Oligo","ControlSVZ",20.1468952604868
"Oligo","ControlSVZ",11.8342570193698
"Oligo","ControlSVZ",29.1977016005443
"Oligo","ControlSVZ",5.30293814226088
"Oligo","ControlSVZ",20.993507699441
"Oligo","ControlSVZ",13.2913661244555
"Oligo","ControlSVZ",22.97490225374
"Oligo","ControlSVZ",10.5976250177322
"Oligo","ControlSVZ",19.6665506833602
"Oligo","ControlSVZ",17.9503879877727
"Oligo","ControlSVZ",19.5706095238671
"Oligo","ControlSVZ",13.4490057048756
"Oligo","ControlSVZ",13.0488114916898
"Oligo","ControlSVZ",20.1858050259264
"Oligo","ControlSVZ",13.9322180215631
"Oligo","ControlSVZ",31.5346746381458
"Oligo","ControlSVZ",13.2065454458946
"Oligo","ControlSVZ",18.1067253681031
"Oligo","ControlSVZ",23.2990864967343
"Oligo","ControlSVZ",10.9058352228394
"Oligo","ControlSVZ",22.6513603797721
"Oligo","ControlSVZ",6.72783572482602
"Oligo","ControlSVZ",26.9502629459842
"Oligo","ControlSVZ",22.9825362799413
"Oligo","ControlSVZ",7.72082033990303
"Oligo","ControlSVZ",23.4571443538924
"Oligo","ControlSVZ",21.35943373696
"Oligo","ControlSVZ",22.9575614580902
"Oligo","ControlSVZ",25.2870585412596
"Oligo","ControlSVZ",21.106563881281
"Oligo","ControlSVZ",36.5194420307646
"Oligo","ControlSVZ",21.5821712813873
"Oligo","ControlSVZ",18.340023635736
"Oligo","ControlSVZ",22.188107693107
"Oligo","ControlSVZ",15.6785708082558
"Oligo","ControlSVZ",31.3115718641071
"Oligo","ControlSVZ",23.639857283024
"Oligo","ControlSVZ",16.7480906523929
"Oligo","ControlSVZ",15.7292366870339
"Oligo","ControlSVZ",17.7660693991175
"Oligo","ControlSVZ",21.7469615536346
"Oligo","ControlSVZ",17.246428769115
"Oligo","ControlSVZ",15.0386897889781
"Oligo","ControlSVZ",15.0500084676942
"Oligo","ControlSVZ",14.4417750243791
"Oligo","ControlSVZ",11.3575752753634
"Oligo","ControlSVZ",21.9118976084381
"Oligo","ControlSVZ",27.8310957498394
"Oligo","ControlSVZ",10.2334329885682
"Oligo","ControlSVZ",25.5489043089922
"Oligo","ControlSVZ",20.1605079358698
"Oligo","ControlSVZ",18.2037635617796
"Oligo","ControlSVZ",10.7079219331027
"Oligo","ControlSVZ",28.0612018188388
"Oligo","ControlSVZ",19.3997982222285
"Oligo","ControlSVZ",2.05407190867558
"Oligo","ControlSVZ",9.30337507651082
"Oligo","ControlSVZ",5.59883059048309
"Oligo","ControlSVZ",16.3754848648966
"Oligo","ControlSVZ",24.5808730744001
"Oligo","ControlSVZ",11.9731288915784
"Oligo","ControlSVZ",21.477031407588
"Oligo","ControlSVZ",13.7484586017276
"Oligo","ControlSVZ",-6.3331909772875
"Oligo","ControlSVZ",21.1560592202207
"Oligo","ControlSVZ",20.3212898270985
"Oligo","ControlSVZ",20.09462727533
"Oligo","ControlSVZ",17.2500241327626
"Oligo","ControlSVZ",21.6180536245574
"Oligo","ControlSVZ",30.4388352870987
"Oligo","ControlSVZ",22.9795725242217
"Oligo","ControlSVZ",19.6392816807461
"Oligo","ControlSVZ",31.0695130891991
"Oligo","ControlSVZ",5.16712359079485
"Oligo","ControlSVZ",20.2852841610436
"Oligo","ControlSVZ",13.6634260180601
"Oligo","ControlSVZ",20.4709307880695
"Oligo","ControlSVZ",17.4468974281666
"Oligo","ControlSVZ",12.6923198683379
"Oligo","ControlSVZ",14.7515447254318
"Oligo","ControlSVZ",29.1842213063463
"Oligo","ControlSVZ",26.2376062146495
"Oligo","ControlSVZ",19.3965225136899
"Oligo","ControlSVZ",-7.86225212969566
"Oligo","ControlSVZ",10.5066704700756
"Oligo","ControlSVZ",22.2081957838732
"Oligo","ControlSVZ",14.0675504593637
"Oligo","ControlSVZ",17.7288784152927
"Oligo","ControlSVZ",16.3312396582563
"Oligo","ControlSVZ",15.3828523911364
"Oligo","ControlSVZ",16.8006090994909
"Oligo","ControlSVZ",14.3836148222529
"Oligo","ControlSVZ",18.7361256966579
"Oligo","ControlSVZ",13.8387165496597
"Oligo","ControlSVZ",24.7066299581204
"Oligo","ControlSVZ",18.5692327558891
"Oligo","ControlSVZ",12.0550144167339
"Oligo","ControlSVZ",21.2149393579112
"Oligo","ControlSVZ",12.0869356872647
"Oligo","ControlSVZ",24.3168697209344
"Oligo","ControlSVZ",-13.6228898263024
"Oligo","ControlSVZ",13.1132813447137
"Oligo","RIPRSVZ",33.043667314073
"Oligo","RIPRSVZ",21.2633924498545
"Oligo","RIPRSVZ",36.8154280035419
"Oligo","RIPRSVZ",22.455346279936
"Oligo","RIPRSVZ",25.5425189366858
"Oligo","RIPRSVZ",23.2839391823652
"Oligo","RIPRSVZ",33.1532232001056
"Oligo","RIPRSVZ",25.3051244452003
"Oligo","RIPRSVZ",20.7865633897745
"Oligo","RIPRSVZ",29.0902750221676
"Oligo","RIPRSVZ",31.1616700064381
"Oligo","RIPRSVZ",30.1031871373535
"Oligo","RIPRSVZ",35.8602323075203
"Oligo","RIPRSVZ",33.8164082816375
"Oligo","RIPRSVZ",15.792632051896
"Oligo","RIPRSVZ",16.9110123831987
"Oligo","RIPRSVZ",29.6245937635766
"Oligo","RIPRSVZ",34.3068664786629
"Oligo","RIPRSVZ",21.716373940694
"Oligo","RIPRSVZ",14.4547170873695
"Oligo","RIPRSVZ",11.0462161663904
"Oligo","RIPRSVZ",28.8129123402082
"Oligo","RIPRSVZ",12.5618944739266
"Oligo","RIPRSVZ",22.8767682660488
"Oligo","RIPRSVZ",37.5179781787539
"Oligo","RIPRSVZ",14.2955942929125
"Oligo","RIPRSVZ",26.1349072783389
"Oligo","RIPRSVZ",23.4217201655978
"Oligo","RIPRSVZ",8.6333711463732
"Oligo","RIPRSVZ",30.7015684643702
"Oligo","RIPRSVZ",19.7559927087371
"Oligo","RIPRSVZ",6.1911181514587
"Oligo","RIPRSVZ",14.8913991692258
"Oligo","RIPRSVZ",31.5252265842663
"Oligo","RIPRSVZ",15.3208797743526
"Oligo","RIPRSVZ",24.6203500390633
"Oligo","RIPRSVZ",21.5309244499245
"Oligo","RIPRSVZ",34.1574306630298
"Oligo","RIPRSVZ",29.1846895245685
"Oligo","RIPRSVZ",8.97485031418756
"Oligo","RIPRSVZ",19.4178980595027
"Oligo","RIPRSVZ",26.9234962715778
"Oligo","RIPRSVZ",31.1571352294162
"Oligo","RIPRSVZ",40.6034037730602
"Oligo","RIPRSVZ",13.892660372316
"Oligo","RIPRSVZ",22.7649605203784
"Oligo","RIPRSVZ",23.6101138577792
"Oligo","RIPRSVZ",34.3690266974315
"Oligo","RIPRSVZ",34.2926534404275
"Oligo","RIPRSVZ",18.9324436023101
"Oligo","RIPRSVZ",19.1112804627802
"Oligo","RIPRSVZ",24.7459056631709
"Oligo","RIPRSVZ",19.4921943044891
"Oligo","RIPRSVZ",18.9312676234331
"Oligo","RIPRSVZ",13.8436335402574
"Oligo","RIPRSVZ",24.051285252681
"Oligo","RIPRSVZ",18.9079601906118
"Oligo","RIPRSVZ",11.0203755356901
"Oligo","RIPRSVZ",35.8781101927941
"Oligo","RIPRSVZ",37.1004793269741
"Oligo","RIPRSVZ",20.831015586285
"Oligo","RIPRSVZ",18.9477566671791
"Oligo","RIPRSVZ",27.3645162039893
"Oligo","RIPRSVZ",18.7086552058721
"Oligo","RIPRSVZ",22.0625390874837
"Oligo","RIPRSVZ",32.3724269793587
"Oligo","RIPRSVZ",20.5111004803434
"Oligo","RIPRSVZ",34.3437691883915
"Oligo","RIPRSVZ",11.1116459869632
"Oligo","RIPRSVZ",28.4160732997663
"Oligo","RIPRSVZ",24.3144885283024
"Oligo","RIPRSVZ",42.3511289536566
"Oligo","RIPRSVZ",19.1958930167594
"Oligo","RIPRSVZ",31.6923194754887
"Oligo","RIPRSVZ",33.9790224145909
"Oligo","RIPRSVZ",22.5319436749898
"Oligo","RIPRSVZ",26.8311401319723
"Oligo","RIPRSVZ",19.5217162778325
"Oligo","RIPRSVZ",29.0319373681506
"Oligo","RIPRSVZ",23.5252531573139
"Oligo","RIPRSVZ",15.2241410575573
"Oligo","RIPRSVZ",14.039973936962
"Oligo","RIPRSVZ",34.0302111450059
"Oligo","RIPRSVZ",34.2972178320691
"Oligo","RIPRSVZ",32.3446073427656
"Oligo","RIPRSVZ",36.3849061320265
"Oligo","RIPRSVZ",32.9969308275512
"Oligo","RIPRSVZ",8.75331042638992
"Oligo","RIPRSVZ",30.1679724862322
"Oligo","RIPRSVZ",25.1556370304288
"Oligo","RIPRSVZ",24.3303760647256
"Oligo","RIPRSVZ",27.2953834619718
"Oligo","RIPRSVZ",18.9429789228325
"Oligo","RIPRSVZ",19.283111623135
"Oligo","RIPRSVZ",28.4545006182959
"Oligo","RIPRSVZ",30.9183958160893
"Oligo","RIPRSVZ",27.5862770551457
"Oligo","RIPRSVZ",14.6295967721852
"Oligo","RIPRSVZ",6.82583619198154
"Oligo","RIPRSVZ",15.0689902652942
"Oligo","RIPRSVZ",9.77772988158541
"Oligo","RIPRSVZ",32.5270235655464
"Oligo","RIPRSVZ",26.7079723823335
"Oligo","RIPRSVZ",18.7892394878922
"Oligo","RIPRSVZ",28.3045491954581
"Oligo","RIPRSVZ",36.0115914029264
"Oligo","RIPRSVZ",39.8899485469149
"Oligo","RIPRSVZ",33.459462629731
"Oligo","RIPRSVZ",21.4177059069799
"Oligo","RIPRSVZ",9.29739255188494
"Oligo","RIPRSVZ",30.4169248374915
"Oligo","RIPRSVZ",30.9104194316149
"Oligo","RIPRSVZ",5.94753502592952
"Oligo","RIPRSVZ",11.9814859082612
"Oligo","RIPRSVZ",31.0180210130743
"Oligo","RIPRSVZ",28.952106842772
"Oligo","RIPRSVZ",23.2207944828311
"Oligo","RIPRSVZ",6.84148824687779
"Oligo","RIPRSVZ",35.8181204277094
"Oligo","RIPRSVZ",33.6609821501977
"Oligo","RIPRSVZ",35.6210630019231
"Oligo","RIPRSVZ",6.10371430937684
"Oligo","RIPRSVZ",11.2261408099713
"Oligo","RIPRSVZ",19.5108216342428
"Oligo","RIPRSVZ",29.3702202133795
"Oligo","RIPRSVZ",23.4669452680723
"Oligo","RIPRSVZ",24.0531950936274
"Oligo","RIPRSVZ",15.0510763646199
"Oligo","RIPRSVZ",16.3475800513786
"Oligo","RIPRSVZ",20.5656450170084
"Oligo","RIPRSVZ",30.5054872270444
"Oligo","RIPRSVZ",15.2517987065097
"Oligo","RIPRSVZ",28.916403533204
"Oligo","RIPRSVZ",12.1181295732733
"Oligo","RIPRSVZ",17.8962874396045
"Oligo","RIPRSVZ",30.8162934478822
"Oligo","RIPRSVZ",21.503630703702
"Oligo","RIPRSVZ",20.5684262073398
"Oligo","RIPRSVZ",16.5446756539978
"Oligo","RIPRSVZ",17.0817080652022
"Oligo","RIPRSVZ",16.5357018585776
"Oligo","RIPRSVZ",21.3607495440148
"Oligo","RIPRSVZ",31.1900050821888
"Oligo","RIPRSVZ",32.2060638364889
"Oligo","RIPRSVZ",29.6932822073742
"Oligo","RIPRSVZ",20.0039514831527
"Oligo","RIPRSVZ",36.1228291294174
"Oligo","RIPRSVZ",27.6524928278108
"Oligo","RIPRSVZ",35.8615638255279
"Oligo","RIPRSVZ",20.8267219910216
"Oligo","RIPRSVZ",21.3534135129455
"Oligo","RIPRSVZ",25.5626879150093
"Oligo","RIPRSVZ",17.9274102179988
"Oligo","RIPRSVZ",14.8000815328914
"Oligo","RIPRSVZ",23.0861227322486
"Oligo","RIPRSVZ",30.932800594938
"Oligo","RIPRSVZ",24.9337014175942
"Oligo","RIPRSVZ",17.2639169908413
"Oligo","RIPRSVZ",18.9733781403019
"Oligo","RIPRSVZ",30.4351697887741
"Oligo","RIPRSVZ",11.9346732633072
"Oligo","RIPRSVZ",25.8301887793492
"Oligo","RIPRSVZ",12.235165172311
"Oligo","RIPRSVZ",19.6669034038511
"Oligo","RIPRSVZ",30.3972234889084
"Oligo","RIPRSVZ",43.6158105308873
"Oligo","RIPRSVZ",12.4520839986427
"Oligo","RIPRSVZ",33.850643069183
"Oligo","RIPRSVZ",20.9176051081306
"Oligo","RIPRSVZ",11.2537466741079
"Oligo","RIPRSVZ",30.6167451240984
"Oligo","RIPRSVZ",19.585463873846
"Oligo","RIPRSVZ",33.9134517216556
"Oligo","RIPRSVZ",25.2756564934744
"Oligo","RIPRSVZ",30.5169576234974
"Oligo","RIPRSVZ",32.1807592745053
"Oligo","RIPRSVZ",27.2271390326461
"Oligo","RIPRSVZ",2.76945667862476
"Oligo","RIPRSVZ",17.2750977657819
"Oligo","RIPRSVZ",17.9522790545699
"Oligo","RIPRSVZ",29.9856344223088
"Oligo","RIPRSVZ",20.1432648153278
"Oligo","RIPRSVZ",19.5241189445602
"Oligo","RIPRSVZ",31.9736049902738
"Oligo","RIPRSVZ",15.2596872093557
"Oligo","RIPRSVZ",19.2470950906653
"Oligo","RIPRSVZ",1.05698284203971
"Oligo","RIPRSVZ",31.9435494859417
"Oligo","RIPRSVZ",29.073217001181
"Oligo","RIPRSVZ",17.4987505099872
"Oligo","RIPRSVZ",18.3543732598985
"Oligo","RIPRSVZ",33.4177143068795
"Oligo","RIPRSVZ",13.2871347510122
"Oligo","RIPRSVZ",33.1842336508524
"Oligo","RIPRSVZ",28.7160174167295
"Oligo","RIPRSVZ",21.2061439755252
"Oligo","RIPRSVZ",11.4128920620834
"Oligo","RIPRSVZ",16.6208088715448
"Oligo","RIPRSVZ",13.953696095672
"Oligo","RIPRSVZ",31.5888188554221
"Oligo","RIPRSVZ",29.3778557705939
"Oligo","RIPRSVZ",30.885829843232
"Oligo","RIPRSVZ",24.4463696050814
"Oligo","RIPRSVZ",23.3365903497602
"Oligo","RIPRSVZ",14.3784986582943
"Oligo","RIPRSVZ",37.2865490490073
"Oligo","RIPRSVZ",31.4534908006091
"Oligo","RIPRSVZ",35.9507218036843
"Oligo","RIPRSVZ",32.8418616329811
"Oligo","RIPRSVZ",38.5346005842667
"Oligo","RIPRSVZ",32.3098189161181
"Oligo","RIPRSVZ",38.6584331916971
"Oligo","RIPRSVZ",30.5019848754185
"Oligo","RIPRSVZ",18.9158004985975
"Oligo","RIPRSVZ",26.5455404773306
"Oligo","RIPRSVZ",25.9779073111178
"Oligo","RIPRSVZ",13.6819685213454
"Oligo","RIPRSVZ",15.9805298226517
"Oligo","RIPRSVZ",33.3609803358311
"Oligo","RIPRSVZ",29.3330970104575
"Oligo","RIPRSVZ",22.1770082183734
"Oligo","RIPRSVZ",20.1912819893768
"Oligo","RIPRSVZ",19.1287983323557
"Oligo","RIPRSVZ",20.1117010730868
"Oligo","RIPRSVZ",12.9248510050751
"Oligo","RIPRSVZ",41.6990252107235
"Oligo","RIPRSVZ",31.8065260060126
"Oligo","RIPRSVZ",22.7474747353493
"Oligo","RIPRSVZ",32.1465126885404
"Oligo","RIPRSVZ",18.4540975907694
"Oligo","RIPRSVZ",8.14273169419317
"Oligo","RIPRSVZ",26.7539850013411
"Oligo","RIPRSVZ",25.7974773461002
"Oligo","RIPRSVZ",39.2313681315419
"Oligo","RIPRSVZ",21.4557075856752
"Oligo","RIPRSVZ",19.8546961550484
"Oligo","RIPRSVZ",22.7270969608791
"Oligo","RIPRSVZ",29.2229396726757
"Oligo","RIPRSVZ",23.1874743690591
"Oligo","RIPRSVZ",35.4728859060449
"Oligo","RIPRSVZ",32.3353626900311
"Oligo","RIPRSVZ",37.6784886391658
"Oligo","RIPRSVZ",28.6453114592201
"Oligo","RIPRSVZ",21.1723133682686
"Oligo","RIPRSVZ",26.7463078523875
"Oligo","RIPRSVZ",30.6818951111926
"Oligo","RIPRSVZ",25.5842190933305
"Oligo","RIPRSVZ",9.76868258367146
"Oligo","RIPRSVZ",35.8770118142224
"Oligo","RIPRSVZ",17.2405099821936
"Oligo","RIPRSVZ",26.5979269156334
"Oligo","RIPRSVZ",38.4280281812443
"Oligo","RIPRSVZ",29.3954927691887
"Oligo","RIPRSVZ",31.1427976262997
"Oligo","RIPRSVZ",18.7705542571511
"Oligo","RIPRSVZ",12.8456452722925
"Oligo","RIPRSVZ",25.0984197301978
"Oligo","RIPRSVZ",35.4955291490386
"Oligo","RIPRSVZ",33.8899276139388
"Oligo","RIPRSVZ",30.7736623640236
"Oligo","RIPRSVZ",26.7330140004551
"Oligo","RIPRSVZ",12.9533678073219
"Oligo","RIPRSVZ",4.25002259609858
"Oligo","RIPRSVZ",40.2055342721234
"Oligo","RIPRSVZ",34.5789644691962
"Oligo","RIPRSVZ",16.6471246472818
"Oligo","RIPRSVZ",34.4278760983227
"Oligo","RIPRSVZ",31.5249342613179
"Oligo","RIPRSVZ",30.0342795552692
"Oligo","RIPRSVZ",32.9189886666179
"Oligo","RIPRSVZ",37.9809311470716
"Oligo","RIPRSVZ",20.8666087154807
"Oligo","RIPRSVZ",17.6270270183408
"Oligo","RIPRSVZ",33.1944192124298
"Oligo","RIPRSVZ",30.4864293825878
"Oligo","RIPRSVZ",33.1405161819561
"Oligo","RIPRSVZ",24.8586479442092
"Oligo","RIPRSVZ",22.8910609556904
"Oligo","RIPRSVZ",34.7211948553306
"Oligo","RIPRSVZ",26.6169969375399
"Oligo","RIPRSVZ",17.8736810618435
"Oligo","RIPRSVZ",16.3402323931865
"Oligo","RIPRSVZ",14.5487577205812
"Oligo","RIPRSVZ",32.2213413932292
"Oligo","RIPRSVZ",20.0593030029151
"Oligo","RIPRSVZ",31.2487606725073
"Oligo","RIPRSVZ",22.5142122364197
"Oligo","RIPRSVZ",30.8684505049029
"Oligo","RIPRSVZ",35.3843478262164
"Oligo","RIPRSVZ",31.715483259693
"Oligo","RIPRSVZ",20.7139338250443
"Oligo","RIPRSVZ",27.0232528358116
"Oligo","RIPRSVZ",20.8095247559047
"Oligo","RIPRSVZ",33.8439989986183
"Oligo","RIPRSVZ",20.2657435196703
"Oligo","RIPRSVZ",14.7766703915203
"Oligo","RIPRSVZ",23.9390033398706
"Oligo","RIPRSVZ",22.4190835003877
"Oligo","RIPRSVZ",36.6642028724894
"Oligo","RIPRSVZ",21.5815228654003
"Oligo","RIPRSVZ",29.826026019285
"Oligo","RIPRSVZ",30.4027831065421
"Oligo","RIPRSVZ",29.1177676090047
"Oligo","RIPRSVZ",30.5795794145261
"Oligo","RIPRSVZ",23.0814511055544
"Oligo","RIPRSVZ",25.6780622082068
"Oligo","RIPRSVZ",31.5734933557902
"Oligo","RIPRSVZ",27.4970199891315
"Oligo","RIPRSVZ",32.2449511760369
"Oligo","RIPRSVZ",34.3299624341091
"Oligo","RIPRSVZ",5.07664046467892
"Oligo","RIPRSVZ",34.9948270077938
"Oligo","RIPRSVZ",20.4062993694747
"Oligo","RIPRSVZ",21.1838547488829
"Oligo","RIPRSVZ",29.3527617395852
"Oligo","RIPRSVZ",25.0603717302613
"Oligo","RIPRSVZ",22.5968669493115
"Oligo","RIPRSVZ",29.2951217368798
"Oligo","RIPRSVZ",32.4379031330828
"Oligo","RIPRSVZ",18.2586895296675
"Oligo","RIPRSVZ",19.6794195012434
"Oligo","RIPRSVZ",32.3929253815838
"Oligo","RIPRSVZ",23.5083614734062
"Oligo","RIPRSVZ",21.4873623221367
"Oligo","RIPRSVZ",32.1344196244195
"Oligo","RIPRSVZ",19.9140842503762
"Oligo","RIPRSVZ",5.05104565280313
"Oligo","RIPRSVZ",20.4245879073032
"Oligo","RIPRSVZ",17.9703604746375
"Oligo","RIPRSVZ",15.2531633726764
"Oligo","RIPRSVZ",22.4222626807261
"Oligo","RIPRSVZ",29.9433953793817
"Oligo","RIPRSVZ",29.3443614042799
"Oligo","RIPRSVZ",29.5483404569294
"Oligo","RIPRSVZ",25.951656553313
"Oligo","RIPRSVZ",29.1626426176537
"Oligo","RIPRSVZ",14.3909558623511
"Microglia","ControlSVZ",37.9864176869948
"Microglia","ControlSVZ",23.4363120287878
"Microglia","ControlSVZ",24.9375988477605
"Microglia","ControlSVZ",13.381796524354
"Microglia","ControlSVZ",19.794466387198
"Microglia","ControlSVZ",20.1565164528103
"Microglia","ControlSVZ",28.2171346889162
"Microglia","ControlSVZ",18.5606792826828
"Microglia","ControlSVZ",17.0565246244561
"Microglia","ControlSVZ",20.3277765074648
"Microglia","ControlSVZ",28.3690248384565
"Microglia","ControlSVZ",20.5398052818345
"Microglia","ControlSVZ",19.3313293131431
"Microglia","ControlSVZ",30.2246787029399
"Microglia","ControlSVZ",18.6522705925378
"Microglia","ControlSVZ",22.9638992140026
"Microglia","ControlSVZ",16.9348375273634
"Microglia","ControlSVZ",28.5724035612139
"Microglia","ControlSVZ",11.0687940054444
"Microglia","ControlSVZ",17.8477848714509
"Microglia","ControlSVZ",29.7797068074605
"Microglia","ControlSVZ",10.2999223358908
"Microglia","ControlSVZ",24.0585703956337
"Microglia","ControlSVZ",30.801729583034
"Microglia","ControlSVZ",21.1244946395301
"Microglia","ControlSVZ",29.2708779066049
"Microglia","ControlSVZ",33.5193536504539
"Microglia","ControlSVZ",21.6134826613865
"Microglia","ControlSVZ",22.3949411595079
"Microglia","ControlSVZ",15.5979903981147
"Microglia","ControlSVZ",21.7895590211874
"Microglia","ControlSVZ",20.746165687732
"Microglia","ControlSVZ",24.5872177132324
"Microglia","ControlSVZ",6.74658548548928
"Microglia","ControlSVZ",21.6171814905806
"Microglia","ControlSVZ",15.2366647742397
"Microglia","ControlSVZ",19.55858494648
"Microglia","ControlSVZ",27.6785586909451
"Microglia","ControlSVZ",19.6159372389691
"Microglia","ControlSVZ",21.282166540675
"Microglia","ControlSVZ",15.6749391112996
"Microglia","ControlSVZ",21.120771199381
"Microglia","ControlSVZ",28.9650987926376
"Microglia","ControlSVZ",23.0495393975744
"Microglia","ControlSVZ",21.7900116496838
"Microglia","ControlSVZ",7.60855814535695
"Microglia","ControlSVZ",12.7566704824257
"Microglia","ControlSVZ",17.3429867204528
"Microglia","ControlSVZ",19.6820005890358
"Microglia","ControlSVZ",17.9713925110922
"Microglia","ControlSVZ",17.5832352701262
"Microglia","ControlSVZ",14.211034870179
"Microglia","ControlSVZ",28.3909647106281
"Microglia","ControlSVZ",15.447746017812
"Microglia","ControlSVZ",13.5501263754417
"Microglia","ControlSVZ",26.5615220022718
"Microglia","ControlSVZ",20.8268533840549
"Microglia","ControlSVZ",19.0132108309349
"Microglia","ControlSVZ",24.5429227269583
"Microglia","ControlSVZ",13.0414638972202
"Microglia","ControlSVZ",23.666092390182
"Microglia","ControlSVZ",18.0815198354761
"Microglia","ControlSVZ",22.2050330338163
"Microglia","ControlSVZ",20.019141058803
"Microglia","ControlSVZ",20.2851848361404
"Microglia","ControlSVZ",35.053708815662
"Microglia","ControlSVZ",32.0881266883083
"Microglia","ControlSVZ",10.4112719101978
"Microglia","ControlSVZ",27.5424701165574
"Microglia","ControlSVZ",18.7858797921889
"Microglia","ControlSVZ",22.8436902315847
"Microglia","ControlSVZ",19.6729533342555
"Microglia","ControlSVZ",39.0050687296098
"Microglia","ControlSVZ",33.5274301393941
"Microglia","ControlSVZ",19.6304936173919
"Microglia","ControlSVZ",33.027030435351
"Microglia","ControlSVZ",21.2234219242908
"Microglia","ControlSVZ",23.1953058255244
"Microglia","ControlSVZ",30.0995858605574
"Microglia","ControlSVZ",23.2764797486202
"Microglia","ControlSVZ",12.3064371176414
"Microglia","ControlSVZ",25.6057509689643
"Microglia","ControlSVZ",34.1189367063156
"Microglia","ControlSVZ",27.9267826606096
"Microglia","ControlSVZ",33.8789896484635
"Microglia","ControlSVZ",28.6121619929499
"Microglia","ControlSVZ",28.0949660316064
"Microglia","ControlSVZ",29.0774316082906
"Microglia","ControlSVZ",18.5167743227591
"Microglia","ControlSVZ",22.4641165002855
"Microglia","ControlSVZ",32.6158511918947
"Microglia","ControlSVZ",18.699015457414
"Microglia","ControlSVZ",19.9297950973086
"Microglia","ControlSVZ",21.867399279439
"Microglia","ControlSVZ",15.6307803169362
"Microglia","ControlSVZ",17.7941685810921
"Microglia","ControlSVZ",32.1970458102447
"Microglia","ControlSVZ",28.5002164576236
"Microglia","ControlSVZ",18.2970481271274
"Microglia","ControlSVZ",21.8394875030895
"Microglia","ControlSVZ",24.2258410228195
"Microglia","ControlSVZ",22.7205443279118
"Microglia","ControlSVZ",31.1413471644209
"Microglia","ControlSVZ",25.1898046986586
"Microglia","ControlSVZ",12.7084791773806
"Microglia","ControlSVZ",29.4239442331164
"Microglia","ControlSVZ",22.3783477821758
"Microglia","ControlSVZ",22.7704728240751
"Microglia","ControlSVZ",26.7889152894873
"Microglia","ControlSVZ",22.722393286974
"Microglia","ControlSVZ",19.0801235955635
"Microglia","ControlSVZ",24.4422557117946
"Microglia","ControlSVZ",27.476453231716
"Microglia","ControlSVZ",13.3097388684224
"Microglia","ControlSVZ",25.579471455269
"Microglia","ControlSVZ",26.2331015553153
"Microglia","ControlSVZ",8.82894972862334
"Microglia","ControlSVZ",30.8506400081939
"Microglia","ControlSVZ",13.6438831315503
"Microglia","ControlSVZ",13.0227454467745
"Microglia","ControlSVZ",24.7626252876763
"Microglia","ControlSVZ",32.192329118014
"Microglia","ControlSVZ",27.1118343793892
"Microglia","ControlSVZ",24.1580833435612
"Microglia","ControlSVZ",30.212741769719
"Microglia","ControlSVZ",17.5410537497175
"Microglia","ControlSVZ",1.82655516893606
"Microglia","ControlSVZ",20.3177878104578
"Microglia","ControlSVZ",28.237492770276
"Microglia","ControlSVZ",28.0241141716344
"Microglia","ControlSVZ",21.8617398112023
"Microglia","ControlSVZ",22.2182297068735
"Microglia","ControlSVZ",24.673717529101
"Microglia","ControlSVZ",19.6802627853975
"Microglia","ControlSVZ",11.0686983512398
"Microglia","ControlSVZ",10.8102406364636
"Microglia","ControlSVZ",17.7395930295536
"Microglia","ControlSVZ",23.7053478024299
"Microglia","ControlSVZ",28.4002899560959
"Microglia","ControlSVZ",24.0224046773458
"Microglia","ControlSVZ",30.0095306664066
"Microglia","ControlSVZ",31.9811888136883
"Microglia","ControlSVZ",25.5523442609797
"Microglia","ControlSVZ",29.7063429465978
"Microglia","ControlSVZ",16.110200102612
"Microglia","ControlSVZ",22.391542927463
"Microglia","ControlSVZ",31.8111116757848
"Microglia","ControlSVZ",24.9708829288472
"Microglia","ControlSVZ",26.6168853410021
"Microglia","ControlSVZ",9.44523734757973
"Microglia","ControlSVZ",23.469089667108
"Microglia","ControlSVZ",18.6673784120868
"Microglia","ControlSVZ",19.7884942482164
"Microglia","ControlSVZ",26.1050387047201
"Microglia","ControlSVZ",24.9352784617391
"Microglia","ControlSVZ",21.8358969345875
"Microglia","ControlSVZ",12.0119873266968
"Microglia","ControlSVZ",20.4405256009437
"Microglia","ControlSVZ",18.2071033639695
"Microglia","ControlSVZ",18.3655255956599
"Microglia","ControlSVZ",17.9582658100024
"Microglia","ControlSVZ",23.9582714584827
"Microglia","ControlSVZ",20.1541760863929
"Microglia","ControlSVZ",18.2338326630788
"Microglia","ControlSVZ",19.5786838540447
"Microglia","ControlSVZ",20.9737504542322
"Microglia","ControlSVZ",27.7111143149903
"Microglia","ControlSVZ",32.8734989123588
"Microglia","ControlSVZ",8.79892363114816
"Microglia","ControlSVZ",34.7469784255838
"Microglia","ControlSVZ",25.1699719379906
"Microglia","ControlSVZ",21.2722050891721
"Microglia","ControlSVZ",23.0660950146079
"Microglia","ControlSVZ",-3.52597430824586
"Microglia","ControlSVZ",16.6065261242931
"Microglia","ControlSVZ",21.0076334412036
"Microglia","ControlSVZ",15.6285033508153
"Microglia","ControlSVZ",14.2546629925387
"Microglia","ControlSVZ",25.2392814121874
"Microglia","ControlSVZ",18.9319884081925
"Microglia","ControlSVZ",30.0008697483484
"Microglia","ControlSVZ",37.1604191266023
"Microglia","ControlSVZ",17.3399094161505
"Microglia","ControlSVZ",24.3665536150752
"Microglia","ControlSVZ",31.7246767403875
"Microglia","ControlSVZ",23.1549120070789
"Microglia","ControlSVZ",23.9828061655404
"Microglia","RIPRSVZ",30.5110639469256
"Microglia","RIPRSVZ",22.4194263304639
"Microglia","RIPRSVZ",28.0722410202182
"Microglia","RIPRSVZ",35.7443632199783
"Microglia","RIPRSVZ",28.0140958869926
"Microglia","RIPRSVZ",28.5029461233969
"Microglia","RIPRSVZ",27.1076156552069
"Microglia","RIPRSVZ",33.113837563292
"Microglia","RIPRSVZ",35.0636602273715
"Microglia","RIPRSVZ",31.7258972677339
"Microglia","RIPRSVZ",30.7890340958753
"Microglia","RIPRSVZ",33.8041275947249
"Microglia","RIPRSVZ",21.4122026070077
"Microglia","RIPRSVZ",27.4255646666823
"Microglia","RIPRSVZ",29.2095283941216
"Microglia","RIPRSVZ",21.6090312121635
"Microglia","RIPRSVZ",27.7400823272107
"Microglia","RIPRSVZ",29.537207650622
"Microglia","RIPRSVZ",35.3814558647561
"Microglia","RIPRSVZ",44.5392128384472
"Microglia","RIPRSVZ",22.2335722943995
"Microglia","RIPRSVZ",38.8474729575958
"Microglia","RIPRSVZ",28.8909838547964
"Microglia","RIPRSVZ",25.2671152917467
"Microglia","RIPRSVZ",28.4876854482579
"Microglia","RIPRSVZ",26.5068543480797
"Microglia","RIPRSVZ",29.2494517045033
"Microglia","RIPRSVZ",28.903171622596
"Microglia","RIPRSVZ",28.8312094632772
"Microglia","RIPRSVZ",31.5933291563828
"Microglia","RIPRSVZ",33.329277930473
"Microglia","RIPRSVZ",35.4644653971599
"Microglia","RIPRSVZ",31.6294617752212
"Microglia","RIPRSVZ",28.7004489215575
"Microglia","RIPRSVZ",34.4209089613969
"Microglia","RIPRSVZ",31.6294929290051
"Microglia","RIPRSVZ",22.9568051795649
"Microglia","RIPRSVZ",22.9812202686838
"Microglia","RIPRSVZ",32.3589189804834
"Microglia","RIPRSVZ",21.1842995705116
"Microglia","RIPRSVZ",34.1226767373909
"Microglia","RIPRSVZ",33.8564446439746
"Microglia","RIPRSVZ",22.7183790299355
"Microglia","RIPRSVZ",36.6984558821521
"Microglia","RIPRSVZ",33.0623634163417
"Microglia","RIPRSVZ",29.618217328771
"Microglia","RIPRSVZ",39.1118275875163
"Microglia","RIPRSVZ",17.2160039715367
"Microglia","RIPRSVZ",35.8416170795414
"Microglia","RIPRSVZ",11.4946201148244
"Microglia","RIPRSVZ",29.9829424090392
"Microglia","RIPRSVZ",24.0661273681351
"Microglia","RIPRSVZ",30.5213354873666
"Microglia","RIPRSVZ",37.2343607005106
"Microglia","RIPRSVZ",32.2131412857718
"Microglia","RIPRSVZ",37.7027870393244
"Microglia","RIPRSVZ",23.9290962300239
"Microglia","RIPRSVZ",37.0990409872539
"Microglia","RIPRSVZ",26.2326689008987
"Microglia","RIPRSVZ",32.8270301199758
"Microglia","RIPRSVZ",22.9296825692739
"Microglia","RIPRSVZ",30.6710519784111
"Microglia","RIPRSVZ",22.2439925911992
"Microglia","RIPRSVZ",24.3166525927579
"Microglia","RIPRSVZ",31.9719307780448
"Microglia","RIPRSVZ",30.1609033448094
"Microglia","RIPRSVZ",36.7172095874382
"Microglia","RIPRSVZ",26.4543661833723
"Microglia","RIPRSVZ",35.7141905704257
"Microglia","RIPRSVZ",37.9542461663635
"Microglia","RIPRSVZ",38.2595296514235
"Microglia","RIPRSVZ",19.6214776080545
"Microglia","RIPRSVZ",36.4460416058052
"Microglia","RIPRSVZ",33.7974320071991
"Microglia","RIPRSVZ",35.486732008109
"Microglia","RIPRSVZ",28.5429991683627
"Microglia","RIPRSVZ",31.937136483956
"Microglia","RIPRSVZ",35.06252380151
"Microglia","RIPRSVZ",36.8235780517895
"Microglia","RIPRSVZ",26.1816635564245
"Microglia","RIPRSVZ",33.2789693505915
"Microglia","RIPRSVZ",26.9916566020962
"Microglia","RIPRSVZ",33.1423498537875
"Microglia","RIPRSVZ",28.029224013223
"Microglia","RIPRSVZ",32.4427725386935
"Microglia","RIPRSVZ",31.2442163903706
"Microglia","RIPRSVZ",31.8746769027674
"Microglia","RIPRSVZ",33.1899891040586
"Microglia","RIPRSVZ",28.8260513149209
"Microglia","RIPRSVZ",20.0487092486516
"Microglia","RIPRSVZ",30.1084712792757
"Microglia","RIPRSVZ",32.922366158749
"Microglia","RIPRSVZ",27.8013911260146
"Microglia","RIPRSVZ",22.6099522553226
"Microglia","RIPRSVZ",34.2186188723737
"Microglia","RIPRSVZ",27.8434032009694
"Microglia","RIPRSVZ",34.3630432529316
"Microglia","RIPRSVZ",35.0979972023278
"Microglia","RIPRSVZ",28.9804769006402
"Microglia","RIPRSVZ",27.6702514648014
"Microglia","RIPRSVZ",24.310211849236
"Microglia","RIPRSVZ",29.4490618626842
"Microglia","RIPRSVZ",27.7683313222094
"Microglia","RIPRSVZ",22.6096632602565
"Microglia","RIPRSVZ",28.8712864772327
"Microglia","RIPRSVZ",30.451816534883
"Microglia","RIPRSVZ",24.5034092805973
"Microglia","RIPRSVZ",31.3147414264283
"Microglia","RIPRSVZ",25.7935456561303
"Microglia","RIPRSVZ",18.9453340987224
"Microglia","RIPRSVZ",34.7670447227197
"Microglia","RIPRSVZ",24.2915911544275
"Microglia","RIPRSVZ",38.2434522321598
"Microglia","RIPRSVZ",42.0281633524312
"Microglia","RIPRSVZ",37.1812737766591
"Microglia","RIPRSVZ",36.7535230754455
"Microglia","RIPRSVZ",33.1294178256943
"Microglia","RIPRSVZ",23.0586333239483
"Microglia","RIPRSVZ",33.8805016645174
"Microglia","RIPRSVZ",32.2613511156749
"Microglia","RIPRSVZ",33.2658132493733
"Microglia","RIPRSVZ",32.7933381301739
"Microglia","RIPRSVZ",30.1322245836566
"Microglia","RIPRSVZ",34.5976580336688
"Microglia","RIPRSVZ",34.1911647992283
"Microglia","RIPRSVZ",23.0583338079041
"Microglia","RIPRSVZ",28.2950241512007
"Microglia","RIPRSVZ",25.6206616683802
"Microglia","RIPRSVZ",31.103309748626
"Microglia","RIPRSVZ",21.9697376006959
"Microglia","RIPRSVZ",27.6970096354349
"Microglia","RIPRSVZ",27.0702525560171
"Microglia","RIPRSVZ",26.0472644561602
"Microglia","RIPRSVZ",27.4020031545107
"Microglia","RIPRSVZ",31.9550724420384
"Microglia","RIPRSVZ",35.535179735505
"Microglia","RIPRSVZ",22.2973133704842
"Microglia","RIPRSVZ",25.2953526973783
"Microglia","RIPRSVZ",24.8063032938889
"Microglia","RIPRSVZ",38.91276360539
"Microglia","RIPRSVZ",28.6180732141042
"Microglia","RIPRSVZ",34.1156263468178
"Microglia","RIPRSVZ",33.4389351036083
"Microglia","RIPRSVZ",25.2739005982344
"Microglia","RIPRSVZ",28.8649993092965
"Microglia","RIPRSVZ",27.3722024009879
"Microglia","RIPRSVZ",17.7503988160328
"Microglia","RIPRSVZ",36.4877256022563
"Microglia","RIPRSVZ",34.6274067133017
"Microglia","RIPRSVZ",32.271238276312
"Microglia","RIPRSVZ",31.871387951153
"Microglia","RIPRSVZ",31.3667207765264
"Microglia","RIPRSVZ",22.4115987726654
"Microglia","RIPRSVZ",30.4576500128631
"Microglia","RIPRSVZ",32.141903030163
"Microglia","RIPRSVZ",31.7317017728364
"Microglia","RIPRSVZ",26.1530731655933
"Microglia","RIPRSVZ",35.5189722454473
"Microglia","RIPRSVZ",27.1183870507164
"Microglia","RIPRSVZ",34.7748196491626
"Microglia","RIPRSVZ",38.1282514681314
"Microglia","RIPRSVZ",22.2900478895668
"Microglia","RIPRSVZ",36.8623638272866
"Microglia","RIPRSVZ",25.5908972070174
"Microglia","RIPRSVZ",38.132800635013
"Microglia","RIPRSVZ",35.9085882813072
"Microglia","RIPRSVZ",32.1384008370244
"Microglia","RIPRSVZ",29.5982108432327
"Microglia","RIPRSVZ",26.3822468275068
"Microglia","RIPRSVZ",29.9365591158748
"Microglia","RIPRSVZ",37.4904272134711
"Microglia","RIPRSVZ",34.9988363460436
"Microglia","RIPRSVZ",26.5582317878044
"Microglia","RIPRSVZ",12.8888917729115
"Microglia","RIPRSVZ",34.6829173625093
"Microglia","RIPRSVZ",34.4671964091027
"Microglia","RIPRSVZ",23.5290920045585
"Microglia","RIPRSVZ",29.9218697279029
"Microglia","RIPRSVZ",32.3134600156388
"Microglia","RIPRSVZ",36.0421119223275
"Microglia","RIPRSVZ",27.5250374451758
"Microglia","RIPRSVZ",28.5971582464857
"Microglia","RIPRSVZ",39.6910741058593
"Microglia","RIPRSVZ",35.2548363309516
"Microglia","RIPRSVZ",25.1260935997096
"Microglia","RIPRSVZ",29.3434974940669
"Microglia","RIPRSVZ",33.5931694383566
"Microglia","RIPRSVZ",34.1747482702711
"Microglia","RIPRSVZ",16.0145235637677
"Microglia","RIPRSVZ",34.7331440763388
"Microglia","RIPRSVZ",29.631845658842
"Microglia","RIPRSVZ",33.5566893246163
"Microglia","RIPRSVZ",26.241038351061
"Microglia","RIPRSVZ",21.2596816575379
"Microglia","RIPRSVZ",18.5643243448713
"Microglia","RIPRSVZ",21.8107553439176
"Microglia","RIPRSVZ",22.81947755771
"Microglia","RIPRSVZ",32.8775614825963
"Microglia","RIPRSVZ",21.9320608668133
"Microglia","RIPRSVZ",40.3093233611887
"Microglia","RIPRSVZ",22.7033044707069
"Microglia","RIPRSVZ",34.4337130959045
"Microglia","RIPRSVZ",34.5905587498362
"Microglia","RIPRSVZ",31.6802345318762
"Microglia","RIPRSVZ",32.3926030654762
"Microglia","RIPRSVZ",20.2316301695627
"Microglia","RIPRSVZ",33.8954476942101
"Microglia","RIPRSVZ",32.2905788826052
"Microglia","RIPRSVZ",30.5714729208359
"Microglia","RIPRSVZ",38.4804507181632
"Microglia","RIPRSVZ",22.089339552448
"Microglia","RIPRSVZ",17.198977850611
"Microglia","RIPRSVZ",31.7437970856778
"Microglia","RIPRSVZ",33.2232808213203
"Microglia","RIPRSVZ",19.6239785364026
"Microglia","RIPRSVZ",36.0656990919197
"Microglia","RIPRSVZ",27.5582360340188
"Microglia","RIPRSVZ",26.1854529783092
"Microglia","RIPRSVZ",21.247780265116
"Microglia","RIPRSVZ",20.9144872423035
"Microglia","RIPRSVZ",35.0175879446192
"Microglia","RIPRSVZ",28.5757864648316
"Microglia","RIPRSVZ",28.5124448242812
"Microglia","RIPRSVZ",26.166779133201
"Microglia","RIPRSVZ",35.8025407155177
"Microglia","RIPRSVZ",20.6484769644585
"Microglia","RIPRSVZ",34.4831881373574
"Microglia","RIPRSVZ",31.1968275809653
"Microglia","RIPRSVZ",25.4927242096325
"Microglia","RIPRSVZ",34.5401052144842
"Microglia","RIPRSVZ",27.6123440702836
"Microglia","RIPRSVZ",20.9718464008942
"Microglia","RIPRSVZ",28.164721578113
"Microglia","RIPRSVZ",34.9491893403107
"Microglia","RIPRSVZ",27.0200705975411
"Microglia","RIPRSVZ",36.8766710865647
"Microglia","RIPRSVZ",31.7503946602834
"Microglia","RIPRSVZ",33.9921348412848
"Microglia","RIPRSVZ",29.3978392864181
"Microglia","RIPRSVZ",26.334721714366
"Microglia","RIPRSVZ",32.6205950563677
"Microglia","RIPRSVZ",32.9681286462994
"Microglia","RIPRSVZ",33.0135748122874
"Microglia","RIPRSVZ",34.9590567953513
"Microglia","RIPRSVZ",21.9968789697126
"Microglia","RIPRSVZ",24.9494879924314
"Microglia","RIPRSVZ",22.6961013419135
"Microglia","RIPRSVZ",29.995845639591
"Microglia","RIPRSVZ",29.5124470293168
"Microglia","RIPRSVZ",29.4360489615124
"Microglia","RIPRSVZ",31.5269786362622
"Microglia","RIPRSVZ",31.2591131180168
"Microglia","RIPRSVZ",24.981302379965
"Microglia","RIPRSVZ",23.2027830574713
"Microglia","RIPRSVZ",37.027078844976
"Microglia","RIPRSVZ",22.0941828914495
"Microglia","RIPRSVZ",13.2807490968901
"Microglia","RIPRSVZ",23.6384831827149
"Microglia","RIPRSVZ",33.3631884790516
"Microglia","RIPRSVZ",34.5996541892284
"Microglia","RIPRSVZ",30.9889424392998
"Microglia","RIPRSVZ",35.0218391299525
"Microglia","RIPRSVZ",33.5026370005673
"Microglia","RIPRSVZ",20.7269036401528
"Microglia","RIPRSVZ",30.2073705099739
"Microglia","RIPRSVZ",27.9229041547214
"Microglia","RIPRSVZ",34.824151116079
"Microglia","RIPRSVZ",36.1291600272984
"Microglia","RIPRSVZ",30.0492574919403
"Microglia","RIPRSVZ",27.6387162433747
"Microglia","RIPRSVZ",14.9544725121258
"Microglia","RIPRSVZ",34.6075466583572
"Microglia","RIPRSVZ",28.9043418211256
"Microglia","RIPRSVZ",28.2643317685917
"Microglia","RIPRSVZ",34.1828255554137
"Microglia","RIPRSVZ",28.9221847531705
"Microglia","RIPRSVZ",36.8445651568799
"Microglia","RIPRSVZ",29.7901508552979
"Microglia","RIPRSVZ",29.7455889016481
"Microglia","RIPRSVZ",22.6135945425702
"Microglia","RIPRSVZ",33.0029757774792
"Microglia","RIPRSVZ",25.7201122141228
"Microglia","RIPRSVZ",29.9279955335362
"Microglia","RIPRSVZ",17.5812217391613
"Microglia","RIPRSVZ",34.3742813351383
"Microglia","RIPRSVZ",30.0481400291218
"Microglia","RIPRSVZ",23.8530777431437
"Microglia","RIPRSVZ",27.5612060293425
"Microglia","RIPRSVZ",27.9338804314307
"Microglia","RIPRSVZ",35.4764624810872
"Microglia","RIPRSVZ",32.6962609380567
"Microglia","RIPRSVZ",30.0895813865984
"Microglia","RIPRSVZ",29.2754777572618
"Microglia","RIPRSVZ",31.7240275109404
"Microglia","RIPRSVZ",33.1058027101915
"Microglia","RIPRSVZ",32.0435273112261
"Microglia","RIPRSVZ",30.2216412595499
"Microglia","RIPRSVZ",18.6910963235339
"Microglia","RIPRSVZ",29.1481355594645
"Microglia","RIPRSVZ",18.1192348769215
"Microglia","RIPRSVZ",30.7294370193181
"Microglia","RIPRSVZ",16.7210305801512
"Microglia","RIPRSVZ",27.8549261783005
"Microglia","RIPRSVZ",34.5040934792507
"Microglia","RIPRSVZ",21.9805767738714
"Microglia","RIPRSVZ",26.3012782349153
"Microglia","RIPRSVZ",20.0574242297031
"Microglia","RIPRSVZ",30.695401198254
"Microglia","RIPRSVZ",22.6855653191222
"Microglia","RIPRSVZ",29.5597972862799
"Microglia","RIPRSVZ",33.2080632563728
"Microglia","RIPRSVZ",25.2585805136053
"Microglia","RIPRSVZ",28.4201813093765
"Microglia","RIPRSVZ",29.6340287542941
"Microglia","RIPRSVZ",31.4026553375806
"Microglia","RIPRSVZ",5.66500402061034
"Microglia","RIPRSVZ",22.2473843191012
"Microglia","RIPRSVZ",29.164148720774
"Microglia","RIPRSVZ",27.8571104898853
"Microglia","RIPRSVZ",24.6416027549505
"Microglia","RIPRSVZ",22.7062720371998
"Microglia","RIPRSVZ",26.0156594259693
"Microglia","RIPRSVZ",36.127126273583
"Microglia","RIPRSVZ",34.1227430983634
"Microglia","RIPRSVZ",20.0774607297258
"Microglia","RIPRSVZ",27.2208842606064
"Microglia","RIPRSVZ",35.8899280385047
"Microglia","RIPRSVZ",45.303756330183
"Microglia","RIPRSVZ",21.7194353067942
"Microglia","RIPRSVZ",26.0721123082951
"Microglia","RIPRSVZ",43.0423642758269
"Microglia","RIPRSVZ",24.8622602310052
"Microglia","RIPRSVZ",27.5517430369513
"Microglia","RIPRSVZ",30.050791339603
"Microglia","RIPRSVZ",33.8321021104361
"Microglia","RIPRSVZ",25.8874464497378
"Microglia","RIPRSVZ",32.5228046169498
"Microglia","RIPRSVZ",32.2833835354762
"Microglia","RIPRSVZ",28.7522661013935
"Microglia","RIPRSVZ",32.3499806372317
"Microglia","RIPRSVZ",16.0807414758271
"Microglia","RIPRSVZ",25.0049624193898
"Microglia","RIPRSVZ",31.2855151626101
"Microglia","RIPRSVZ",26.4584907619465
"Microglia","RIPRSVZ",25.5353883780942
"Microglia","RIPRSVZ",34.2853408364979
"Microglia","RIPRSVZ",33.4622147408223
"Microglia","RIPRSVZ",38.0956911925678
"Microglia","RIPRSVZ",32.0035042384687
"Microglia","RIPRSVZ",22.6195228417547
"Microglia","RIPRSVZ",34.3776177435458
"Microglia","RIPRSVZ",30.4846326794753
"Microglia","RIPRSVZ",32.4374728186345
"Microglia","RIPRSVZ",29.7279945018073
"Microglia","RIPRSVZ",15.9824382846085
"Microglia","RIPRSVZ",28.9928910408278
"Microglia","RIPRSVZ",28.4603772744365
"Microglia","RIPRSVZ",28.211782505326
"Microglia","RIPRSVZ",30.2536071278258
"Microglia","RIPRSVZ",33.5861660483109
"Microglia","RIPRSVZ",34.5828933900831
"Microglia","RIPRSVZ",35.0520016146773
"Microglia","RIPRSVZ",25.3982511275305
"Microglia","RIPRSVZ",29.3211965802237
"Microglia","RIPRSVZ",23.1080304547894
"Microglia","RIPRSVZ",31.339694158291
"Microglia","RIPRSVZ",39.3980871340681
"Microglia","RIPRSVZ",24.7293617492845
"Microglia","RIPRSVZ",32.6378502281397
"Microglia","RIPRSVZ",15.4074698128968
"Microglia","RIPRSVZ",27.2142781456207
"Microglia","RIPRSVZ",29.45339001314
"Microglia","RIPRSVZ",31.8801515582331
"Microglia","RIPRSVZ",28.3652582014037
"Microglia","RIPRSVZ",29.3532902369642
"Microglia","RIPRSVZ",21.2893228059722
"Microglia","RIPRSVZ",25.4969982662277
"Microglia","RIPRSVZ",17.5970267107284
"Microglia","RIPRSVZ",32.3225101042529
"Microglia","RIPRSVZ",30.093295694116
"Microglia","RIPRSVZ",33.1185735380993
"Microglia","RIPRSVZ",38.6606386038469
"Microglia","RIPRSVZ",25.3323972630931
"Microglia","RIPRSVZ",18.5571059315935
"Microglia","RIPRSVZ",26.5789037159179
"Microglia","RIPRSVZ",33.3006138106982
"Microglia","RIPRSVZ",42.7253477923569
"Microglia","RIPRSVZ",26.1937198324653
"Microglia","RIPRSVZ",24.6837403584172
"Microglia","RIPRSVZ",22.6924919160137
"Microglia","RIPRSVZ",34.9602968813162
"Microglia","RIPRSVZ",29.1836546524639
"Microglia","RIPRSVZ",19.6540878311062
"Microglia","RIPRSVZ",22.8432641109877
"Microglia","RIPRSVZ",24.4478172534058
"Microglia","RIPRSVZ",19.8932875279764
"Microglia","RIPRSVZ",32.2107716823057
"Microglia","RIPRSVZ",32.9981879830194
"Microglia","RIPRSVZ",34.9394080844145
"Microglia","RIPRSVZ",34.2459177343474
"Microglia","RIPRSVZ",36.463176459204
"Microglia","RIPRSVZ",33.9506539693421
"Microglia","RIPRSVZ",30.7097642324167
"Microglia","RIPRSVZ",30.3185185415336
"Microglia","RIPRSVZ",34.0202636150921
"Microglia","RIPRSVZ",28.0169918371125
"Microglia","RIPRSVZ",29.9440824714931
"Microglia","RIPRSVZ",17.9798616784446
"Microglia","RIPRSVZ",28.258879036178
"Microglia","RIPRSVZ",33.581810406456
"Microglia","RIPRSVZ",17.2725613652121
"Microglia","RIPRSVZ",32.2831525578026
"Microglia","RIPRSVZ",39.7183721359336
"Microglia","RIPRSVZ",22.6123867155188
"Microglia","RIPRSVZ",25.4588466639401
"Microglia","RIPRSVZ",26.3078882225047
"Microglia","RIPRSVZ",33.4514414277456
"Microglia","RIPRSVZ",25.783494771584
"Microglia","RIPRSVZ",27.3474925128268
"Microglia","RIPRSVZ",32.3649950141101
"Microglia","RIPRSVZ",29.6689499044699
"Microglia","RIPRSVZ",33.5139452473423
"Microglia","RIPRSVZ",26.9520134479663
"Microglia","RIPRSVZ",38.6500145462713
"Microglia","RIPRSVZ",33.8659489513529
"Microglia","RIPRSVZ",33.2048126719706
"Microglia","RIPRSVZ",30.0681731474752
"Microglia","RIPRSVZ",32.5342760692725
"Microglia","RIPRSVZ",29.4565027059902
"Microglia","RIPRSVZ",31.8838161270178
"Microglia","RIPRSVZ",27.872787902323
"Microglia","RIPRSVZ",20.9338031123513
"Microglia","RIPRSVZ",25.6081302802223
"Microglia","RIPRSVZ",20.0284412300804
"Microglia","RIPRSVZ",30.5936129319345
"Microglia","RIPRSVZ",33.3530130503714
"Microglia","RIPRSVZ",31.8569378971516
"Microglia","RIPRSVZ",30.7675292321556
"Microglia","RIPRSVZ",29.3134155430455
"Microglia","RIPRSVZ",36.3731596402152
"Microglia","RIPRSVZ",32.852635581344
"Microglia","RIPRSVZ",37.2372010348002
"Microglia","RIPRSVZ",37.9877645630114
"Microglia","RIPRSVZ",32.7349229673723
"Microglia","RIPRSVZ",37.359871675336
"Microglia","RIPRSVZ",32.9221163024579
"Microglia","RIPRSVZ",27.9730929818076
"Microglia","RIPRSVZ",26.9736448018439
"Microglia","RIPRSVZ",33.0316124110557
"Microglia","RIPRSVZ",22.3158153394988
"Microglia","RIPRSVZ",32.2572028693206
"Microglia","RIPRSVZ",28.5324668711531
"Microglia","RIPRSVZ",34.4186894931759
"Microglia","RIPRSVZ",29.7301882129317
"Microglia","RIPRSVZ",36.3525523066512
"Microglia","RIPRSVZ",29.6827610759253
"Microglia","RIPRSVZ",25.4027414043008
"Microglia","RIPRSVZ",28.9856360101641
"Microglia","RIPRSVZ",31.3208202742557
"Microglia","RIPRSVZ",36.3646472366435
"Microglia","RIPRSVZ",30.9270867304548
"Microglia","RIPRSVZ",33.7752271512677
"Microglia","RIPRSVZ",34.3114691848305
"Microglia","RIPRSVZ",23.9840977558198
"Microglia","RIPRSVZ",16.735578433794
"Microglia","RIPRSVZ",26.2748606370352
"Microglia","RIPRSVZ",22.8148632597449
"Microglia","RIPRSVZ",31.2712400780873
"Microglia","RIPRSVZ",14.3637028242899
"Microglia","RIPRSVZ",27.3423890298195
"Microglia","RIPRSVZ",34.7196097554737
"Microglia","RIPRSVZ",26.9803885095752
"Microglia","RIPRSVZ",35.0220920146153
"Microglia","RIPRSVZ",37.3179874201333
"Microglia","RIPRSVZ",37.3359605179533
"Microglia","RIPRSVZ",33.7069186003481
"Microglia","RIPRSVZ",37.2733064574456
"Microglia","RIPRSVZ",33.2307949094282
"Microglia","RIPRSVZ",34.7475639081442
"Microglia","RIPRSVZ",36.5175835026929
"Microglia","RIPRSVZ",35.1995954911422
"Microglia","RIPRSVZ",14.8711970444772
"Microglia","RIPRSVZ",27.2992714447414
"Microglia","RIPRSVZ",21.961883828085
"Microglia","RIPRSVZ",27.6314296026954
"Microglia","RIPRSVZ",12.401430604243
"Microglia","RIPRSVZ",34.5648921877029
"Microglia","RIPRSVZ",31.8861733310939
"aNSCs_NPCs","ControlSVZ",19.3645780416446
"aNSCs_NPCs","ControlSVZ",17.6412574906867
"aNSCs_NPCs","ControlSVZ",19.3854639766942
"aNSCs_NPCs","ControlSVZ",21.3548427875197
"aNSCs_NPCs","ControlSVZ",11.330396747482
"aNSCs_NPCs","ControlSVZ",9.4211940122262
"aNSCs_NPCs","ControlSVZ",5.68699722037461
"aNSCs_NPCs","ControlSVZ",18.8130871697556
"aNSCs_NPCs","ControlSVZ",29.1442397588097
"aNSCs_NPCs","ControlSVZ",5.34788952241041
"aNSCs_NPCs","ControlSVZ",9.31559875068286
"aNSCs_NPCs","ControlSVZ",23.7024682523164
"aNSCs_NPCs","ControlSVZ",14.1504795802989
"aNSCs_NPCs","ControlSVZ",19.3043487226588
"aNSCs_NPCs","ControlSVZ",10.5762723998023
"aNSCs_NPCs","ControlSVZ",25.997948502923
"aNSCs_NPCs","ControlSVZ",18.5223491903121
"aNSCs_NPCs","ControlSVZ",17.8736755936117
"aNSCs_NPCs","ControlSVZ",7.44670284330522
"aNSCs_NPCs","ControlSVZ",9.57068110986527
"aNSCs_NPCs","ControlSVZ",11.5591960358489
"aNSCs_NPCs","ControlSVZ",16.7340096586948
"aNSCs_NPCs","ControlSVZ",6.97814158489927
"aNSCs_NPCs","ControlSVZ",13.7916627257927
"aNSCs_NPCs","ControlSVZ",11.5115202040468
"aNSCs_NPCs","ControlSVZ",18.3509268120752
"aNSCs_NPCs","ControlSVZ",13.8320056855779
"aNSCs_NPCs","ControlSVZ",9.56039889266654
"aNSCs_NPCs","ControlSVZ",23.1377299968327
"aNSCs_NPCs","ControlSVZ",11.6560936687257
"aNSCs_NPCs","ControlSVZ",19.1993287987514
"aNSCs_NPCs","ControlSVZ",13.782828342745
"aNSCs_NPCs","ControlSVZ",19.6451566646368
"aNSCs_NPCs","RIPRSVZ",8.18911850021495
"aNSCs_NPCs","RIPRSVZ",18.2529697910762
"aNSCs_NPCs","RIPRSVZ",26.9513865010489
"aNSCs_NPCs","RIPRSVZ",9.32812918471396
"aNSCs_NPCs","RIPRSVZ",32.6119596037703
"aNSCs_NPCs","RIPRSVZ",21.9352051033384
"aNSCs_NPCs","RIPRSVZ",22.3138185768289
"aNSCs_NPCs","RIPRSVZ",19.1135466710381
"aNSCs_NPCs","RIPRSVZ",23.6170560953878
"aNSCs_NPCs","RIPRSVZ",16.8172720545285
"aNSCs_NPCs","RIPRSVZ",17.2264504053979
"aNSCs_NPCs","RIPRSVZ",15.3783770401965
"aNSCs_NPCs","RIPRSVZ",31.7917247988583
"aNSCs_NPCs","RIPRSVZ",6.46511046337459
"aNSCs_NPCs","RIPRSVZ",9.03146528329583
"aNSCs_NPCs","RIPRSVZ",17.47960177053
"aNSCs_NPCs","RIPRSVZ",19.0781893821582
"aNSCs_NPCs","RIPRSVZ",23.9683781887692
"aNSCs_NPCs","RIPRSVZ",5.0661588629426
"aNSCs_NPCs","RIPRSVZ",28.5849243286974
"aNSCs_NPCs","RIPRSVZ",26.3645621313354
"aNSCs_NPCs","RIPRSVZ",19.4692644856716
"aNSCs_NPCs","RIPRSVZ",21.0155238361323
"aNSCs_NPCs","RIPRSVZ",7.58443859677711
"aNSCs_NPCs","RIPRSVZ",24.0060438461727
"aNSCs_NPCs","RIPRSVZ",19.8409879184435
"aNSCs_NPCs","RIPRSVZ",29.4994137036436
"aNSCs_NPCs","RIPRSVZ",15.3482388220812
"aNSCs_NPCs","RIPRSVZ",25.5588464792491
"aNSCs_NPCs","RIPRSVZ",17.3218077365006
"aNSCs_NPCs","RIPRSVZ",16.5042509810303
"aNSCs_NPCs","RIPRSVZ",13.6109995702273
"aNSCs_NPCs","RIPRSVZ",17.2670140617055
"aNSCs_NPCs","RIPRSVZ",18.2247510865244
"aNSCs_NPCs","RIPRSVZ",20.5970321692851
"aNSCs_NPCs","RIPRSVZ",16.3493299829906
"aNSCs_NPCs","RIPRSVZ",18.0908914593729
"aNSCs_NPCs","RIPRSVZ",10.7287415597298
"aNSCs_NPCs","RIPRSVZ",23.9451461679002
"aNSCs_NPCs","RIPRSVZ",13.4456173670016
"aNSCs_NPCs","RIPRSVZ",26.0320388187396
"aNSCs_NPCs","RIPRSVZ",10.5876924330635
"aNSCs_NPCs","RIPRSVZ",22.5324999094143
"aNSCs_NPCs","RIPRSVZ",19.0632442697838
"aNSCs_NPCs","RIPRSVZ",7.39593939857971
"aNSCs_NPCs","RIPRSVZ",11.7307996921298
"Astrocytes_qNSCs","ControlSVZ",26.490092117508
"Astrocytes_qNSCs","ControlSVZ",14.1290970327938
"Astrocytes_qNSCs","ControlSVZ",23.2059903165622
"Astrocytes_qNSCs","ControlSVZ",13.4182652670951
"Astrocytes_qNSCs","ControlSVZ",30.1544217259811
"Astrocytes_qNSCs","ControlSVZ",17.4519961784935
"Astrocytes_qNSCs","ControlSVZ",25.7105577128967
"Astrocytes_qNSCs","ControlSVZ",20.3986306889455
"Astrocytes_qNSCs","ControlSVZ",1.90237811555968
"Astrocytes_qNSCs","ControlSVZ",6.67135501689932
"Astrocytes_qNSCs","ControlSVZ",11.4467467984132
"Astrocytes_qNSCs","ControlSVZ",10.2362716941315
"Astrocytes_qNSCs","ControlSVZ",20.3922167231121
"Astrocytes_qNSCs","ControlSVZ",17.2628311746181
"Astrocytes_qNSCs","ControlSVZ",14.3157067087021
"Astrocytes_qNSCs","ControlSVZ",14.7765834896145
"Astrocytes_qNSCs","ControlSVZ",15.7531363313042
"Astrocytes_qNSCs","ControlSVZ",21.2952457743737
"Astrocytes_qNSCs","ControlSVZ",15.1103491413417
"Astrocytes_qNSCs","ControlSVZ",9.76438981649629
"Astrocytes_qNSCs","ControlSVZ",15.1801737747915
"Astrocytes_qNSCs","ControlSVZ",20.8771862015484
"Astrocytes_qNSCs","ControlSVZ",8.34432262500319
"Astrocytes_qNSCs","ControlSVZ",13.8225739915102
"Astrocytes_qNSCs","ControlSVZ",28.4656619951673
"Astrocytes_qNSCs","ControlSVZ",11.0271810491809
"Astrocytes_qNSCs","ControlSVZ",34.3384386475832
"Astrocytes_qNSCs","ControlSVZ",18.6656140745246
"Astrocytes_qNSCs","ControlSVZ",14.8831225282122
"Astrocytes_qNSCs","ControlSVZ",27.3178913831143
"Astrocytes_qNSCs","ControlSVZ",17.2151314943654
"Astrocytes_qNSCs","RIPRSVZ",26.6900148848964
"Astrocytes_qNSCs","RIPRSVZ",8.5378358112989
"Astrocytes_qNSCs","RIPRSVZ",13.1660517047017
"Astrocytes_qNSCs","RIPRSVZ",29.2491556871501
"Astrocytes_qNSCs","RIPRSVZ",37.6052348697879
"Astrocytes_qNSCs","RIPRSVZ",24.800623537015
"Astrocytes_qNSCs","RIPRSVZ",32.6427206906723
"Astrocytes_qNSCs","RIPRSVZ",25.4377226610889
"Astrocytes_qNSCs","RIPRSVZ",9.19697878545391
"Astrocytes_qNSCs","RIPRSVZ",21.054179988379
"Astrocytes_qNSCs","RIPRSVZ",9.02663277964362
"Astrocytes_qNSCs","RIPRSVZ",8.25547973334178
"Astrocytes_qNSCs","RIPRSVZ",20.931471063333
"Astrocytes_qNSCs","RIPRSVZ",19.8526273481515
"Astrocytes_qNSCs","RIPRSVZ",27.40422825861
"Astrocytes_qNSCs","RIPRSVZ",19.7878140716361
"Astrocytes_qNSCs","RIPRSVZ",36.1005361467535
"Astrocytes_qNSCs","RIPRSVZ",17.0063139904934
"Astrocytes_qNSCs","RIPRSVZ",22.9204916030124
"Astrocytes_qNSCs","RIPRSVZ",14.125858108735
"Astrocytes_qNSCs","RIPRSVZ",17.4209586550024
"Astrocytes_qNSCs","RIPRSVZ",17.3636613268458
"Astrocytes_qNSCs","RIPRSVZ",7.27205180030478
"Astrocytes_qNSCs","RIPRSVZ",15.3543353902268
"Astrocytes_qNSCs","RIPRSVZ",28.2734261054412
"Astrocytes_qNSCs","RIPRSVZ",21.3300066792553
"Astrocytes_qNSCs","RIPRSVZ",18.4051097443074
"Astrocytes_qNSCs","RIPRSVZ",16.7690814878817
"Astrocytes_qNSCs","RIPRSVZ",17.5747485681319
"Astrocytes_qNSCs","RIPRSVZ",26.1647317974455
"Astrocytes_qNSCs","RIPRSVZ",21.3824196810351
"Astrocytes_qNSCs","RIPRSVZ",14.6704057070819
"Astrocytes_qNSCs","RIPRSVZ",12.1203185260216
"Astrocytes_qNSCs","RIPRSVZ",17.0585541136701
"Astrocytes_qNSCs","RIPRSVZ",27.2965272245857
"Astrocytes_qNSCs","RIPRSVZ",37.7110863701994
"Astrocytes_qNSCs","RIPRSVZ",17.2101636754822
"Astrocytes_qNSCs","RIPRSVZ",15.8792708787816
"Astrocytes_qNSCs","RIPRSVZ",22.3303041353362
"Astrocytes_qNSCs","RIPRSVZ",5.30531016552525
"Astrocytes_qNSCs","RIPRSVZ",11.7957928263854
"Astrocytes_qNSCs","RIPRSVZ",25.6046700205605
"Astrocytes_qNSCs","RIPRSVZ",32.7108030473403
"Astrocytes_qNSCs","RIPRSVZ",19.8115406198529
"Astrocytes_qNSCs","RIPRSVZ",16.2119095795469
"Astrocytes_qNSCs","RIPRSVZ",25.9926965153755
"Neuroblasts","ControlSVZ",16.7993262919434
"Neuroblasts","ControlSVZ",7.6278544829701
"Neuroblasts","ControlSVZ",16.4896241951274
"Neuroblasts","ControlSVZ",25.2600543615205
"Neuroblasts","ControlSVZ",5.26148276989348
"Neuroblasts","ControlSVZ",17.599317068913
"Neuroblasts","ControlSVZ",13.0997915285916
"Neuroblasts","ControlSVZ",13.104548145055
"Neuroblasts","ControlSVZ",23.2065313262263
"Neuroblasts","ControlSVZ",3.43775155610937
"Neuroblasts","ControlSVZ",7.38030109278716
"Neuroblasts","ControlSVZ",10.4108496751968
"Neuroblasts","ControlSVZ",17.1761632314703
"Neuroblasts","ControlSVZ",22.7308934175326
"Neuroblasts","ControlSVZ",8.03176326766019
"Neuroblasts","ControlSVZ",24.6772699228819
"Neuroblasts","ControlSVZ",24.3501938100279
"Neuroblasts","ControlSVZ",17.1434781620743
"Neuroblasts","ControlSVZ",18.1811756369404
"Neuroblasts","ControlSVZ",8.05216854041069
"Neuroblasts","ControlSVZ",30.570416184133
"Neuroblasts","ControlSVZ",6.37249758676498
"Neuroblasts","RIPRSVZ",10.8971294885302
"Neuroblasts","RIPRSVZ",28.590697051628
"Neuroblasts","RIPRSVZ",4.98388606788059
"Neuroblasts","RIPRSVZ",17.5570474634928
"Neuroblasts","RIPRSVZ",16.1847783823909
"Neuroblasts","RIPRSVZ",8.67529154413837
"Neuroblasts","RIPRSVZ",25.0705983569391
"Neuroblasts","RIPRSVZ",14.1633740351829
"Neuroblasts","RIPRSVZ",0.447766591765446
"Neuroblasts","RIPRSVZ",15.0287441377693
"Neuroblasts","RIPRSVZ",6.4879652625549
"Neuroblasts","RIPRSVZ",1.70096647713533
"Neuroblasts","RIPRSVZ",15.8985316828741
"Neuroblasts","RIPRSVZ",11.2825514263826
"Neuroblasts","RIPRSVZ",22.9994668582701
"Neuroblasts","RIPRSVZ",11.7158290994611
"Neuroblasts","RIPRSVZ",23.0024015738635
"Neuroblasts","RIPRSVZ",7.27290686137767
"Neuroblasts","RIPRSVZ",24.3683948486372
"Neuroblasts","RIPRSVZ",23.6372546426489
"Neuroblasts","RIPRSVZ",14.567188277608
"Neuroblasts","RIPRSVZ",32.0593101199637
"Neuroblasts","RIPRSVZ",11.0299089281496
"Neuroblasts","RIPRSVZ",20.229713132424
"Neuroblasts","RIPRSVZ",14.3025149507285
"Neuroblasts","RIPRSVZ",10.7271404980018
"Neuroblasts","RIPRSVZ",20.768007586764
"Neuroblasts","RIPRSVZ",5.36716606725586
"Neuroblasts","RIPRSVZ",24.1384953698264
"Neuroblasts","RIPRSVZ",7.25220473553544
"Neuroblasts","RIPRSVZ",25.1555838239932
"Neuroblasts","RIPRSVZ",13.3117016254265
"Neuroblasts","RIPRSVZ",13.1753896631628
"Neuroblasts","RIPRSVZ",18.6325105081963
"Neuroblasts","RIPRSVZ",22.0612324314637
"Neuroblasts","RIPRSVZ",14.5973445670994
"Neuroblasts","RIPRSVZ",27.5777547591061
"Neuroblasts","RIPRSVZ",6.16075031982984
"Neuroblasts","RIPRSVZ",16.0765217574567
"Neuroblasts","RIPRSVZ",12.909671355126
"Neuroblasts","RIPRSVZ",14.0506171597999
"Neuroblasts","RIPRSVZ",20.0782836631733
"Neuroblasts","RIPRSVZ",23.33975071696
"Neuroblasts","RIPRSVZ",25.1771547763847
"Neuroblasts","RIPRSVZ",16.5932107164534
"Neuroblasts","RIPRSVZ",15.8217734724392
"Neuroblasts","RIPRSVZ",15.3032525988284
"Neuroblasts","RIPRSVZ",16.469410646894
"Endothelial","ControlSVZ",20.7013725745246
"Endothelial","ControlSVZ",20.6379854803358
"Endothelial","ControlSVZ",18.0209719479258
"Endothelial","ControlSVZ",17.7537134518325
"Endothelial","ControlSVZ",19.6843148697053
"Endothelial","ControlSVZ",19.9665662932385
"Endothelial","ControlSVZ",9.52843917292664
"Endothelial","ControlSVZ",15.2861253394415
"Endothelial","ControlSVZ",20.0106723866947
"Endothelial","ControlSVZ",17.5421084181689
"Endothelial","ControlSVZ",17.2607103814244
"Endothelial","ControlSVZ",20.0345555269057
"Endothelial","ControlSVZ",6.51561938067082
"Endothelial","ControlSVZ",19.4221796205662
"Endothelial","ControlSVZ",13.0957560966399
"Endothelial","ControlSVZ",14.5516474103145
"Endothelial","ControlSVZ",16.0320415298177
"Endothelial","ControlSVZ",15.601816531315
"Endothelial","ControlSVZ",24.5069572317443
"Endothelial","ControlSVZ",17.3611973703032
"Endothelial","ControlSVZ",8.19754755205891
"Endothelial","ControlSVZ",14.5329737268499
"Endothelial","ControlSVZ",15.9468421996119
"Endothelial","ControlSVZ",22.417545631075
"Endothelial","ControlSVZ",24.2939968521701
"Endothelial","ControlSVZ",14.8853946174479
"Endothelial","ControlSVZ",23.5935829741821
"Endothelial","ControlSVZ",18.3609120791485
"Endothelial","ControlSVZ",9.65131227568063
"Endothelial","ControlSVZ",15.2622167899628
"Endothelial","ControlSVZ",14.1442284341296
"Endothelial","ControlSVZ",17.8632815994902
"Endothelial","ControlSVZ",14.2788857118969
"Endothelial","ControlSVZ",16.712463139796
"Endothelial","ControlSVZ",15.6090662524947
"Endothelial","ControlSVZ",25.679569876001
"Endothelial","ControlSVZ",16.2938914240255
"Endothelial","ControlSVZ",13.4321652606264
"Endothelial","ControlSVZ",15.9134198853858
"Endothelial","ControlSVZ",19.2089558891234
"Endothelial","ControlSVZ",20.5992055703688
"Endothelial","ControlSVZ",14.8012730470712
"Endothelial","ControlSVZ",15.5416940158842
"Endothelial","ControlSVZ",15.0659830856377
"Endothelial","ControlSVZ",15.9422461617807
"Endothelial","ControlSVZ",15.9723699494715
"Endothelial","ControlSVZ",4.09392327851931
"Endothelial","ControlSVZ",14.3983629991453
"Endothelial","ControlSVZ",18.7958070979502
"Endothelial","ControlSVZ",19.4832105413122
"Endothelial","ControlSVZ",14.7826939960448
"Endothelial","ControlSVZ",22.5697242307202
"Endothelial","ControlSVZ",17.5069308289514
"Endothelial","ControlSVZ",16.2493199278261
"Endothelial","ControlSVZ",15.4135349756409
"Endothelial","ControlSVZ",20.1273507271226
"Endothelial","ControlSVZ",10.685544897226
"Endothelial","ControlSVZ",15.3447170389452
"Endothelial","ControlSVZ",15.6222236197101
"Endothelial","ControlSVZ",20.9027900539066
"Endothelial","ControlSVZ",13.9723580052653
"Endothelial","ControlSVZ",24.7402669578457
"Endothelial","ControlSVZ",18.2128075209698
"Endothelial","ControlSVZ",18.1354260500374
"Endothelial","ControlSVZ",22.9242892630961
"Endothelial","ControlSVZ",13.4327296080034
"Endothelial","ControlSVZ",20.5601135344623
"Endothelial","ControlSVZ",19.3824276912272
"Endothelial","ControlSVZ",20.6907135093202
"Endothelial","ControlSVZ",18.2768851582183
"Endothelial","ControlSVZ",21.5093514431821
"Endothelial","ControlSVZ",22.4316792708888
"Endothelial","ControlSVZ",15.2799108841409
"Endothelial","ControlSVZ",13.9892129664425
"Endothelial","ControlSVZ",15.9410126779226
"Endothelial","ControlSVZ",19.4600573262947
"Endothelial","ControlSVZ",10.1418634607372
"Endothelial","ControlSVZ",17.6331017139755
"Endothelial","ControlSVZ",6.88179378370827
"Endothelial","ControlSVZ",17.8245374972366
"Endothelial","ControlSVZ",12.9573201295235
"Endothelial","ControlSVZ",7.61170641713156
"Endothelial","ControlSVZ",12.6779954396509
"Endothelial","ControlSVZ",18.179849456343
"Endothelial","ControlSVZ",16.0842278266353
"Endothelial","ControlSVZ",13.9403144341318
"Endothelial","ControlSVZ",17.7459096626233
"Endothelial","ControlSVZ",19.9645759192904
"Endothelial","ControlSVZ",13.255918201596
"Endothelial","ControlSVZ",20.4937567694323
"Endothelial","ControlSVZ",21.3845711881597
"Endothelial","ControlSVZ",26.9811680133921
"Endothelial","ControlSVZ",19.4853433709954
"Endothelial","ControlSVZ",15.0015280027366
"Endothelial","ControlSVZ",19.8727221933481
"Endothelial","ControlSVZ",11.7629151180463
"Endothelial","ControlSVZ",20.5200477188735
"Endothelial","ControlSVZ",10.0843384024453
"Endothelial","ControlSVZ",13.7070563289336
"Endothelial","RIPRSVZ",15.872574936388
"Endothelial","RIPRSVZ",16.4586743895213
"Endothelial","RIPRSVZ",17.8081591054728
"Endothelial","RIPRSVZ",24.1138872116984
"Endothelial","RIPRSVZ",20.7576630747079
"Endothelial","RIPRSVZ",17.293920231362
"Endothelial","RIPRSVZ",15.2719495197436
"Endothelial","RIPRSVZ",20.8061591416763
"Endothelial","RIPRSVZ",15.8257681927963
"Endothelial","RIPRSVZ",24.2308774262421
"Endothelial","RIPRSVZ",17.5573635609241
"Endothelial","RIPRSVZ",11.4498913262871
"Endothelial","RIPRSVZ",24.6168925661406
"Endothelial","RIPRSVZ",19.470049993044
"Endothelial","RIPRSVZ",21.2052950353409
"Endothelial","RIPRSVZ",14.5944091656201
"Endothelial","RIPRSVZ",16.4321342994246
"Endothelial","RIPRSVZ",13.2960851097072
"Endothelial","RIPRSVZ",14.9133571613099
"Endothelial","RIPRSVZ",15.4841033604162
"Endothelial","RIPRSVZ",20.4185471663786
"Endothelial","RIPRSVZ",21.6274195950723
"Endothelial","RIPRSVZ",10.4615134100351
"Endothelial","RIPRSVZ",19.4639320225263
"Endothelial","RIPRSVZ",13.0513811188609
"Endothelial","RIPRSVZ",15.2430238895979
"Endothelial","RIPRSVZ",18.0059458357121
"Endothelial","RIPRSVZ",20.2139235172137
"Endothelial","RIPRSVZ",22.745496479862
"Endothelial","RIPRSVZ",12.5055094597644
"Endothelial","RIPRSVZ",25.0271345874842
"Endothelial","RIPRSVZ",15.9492197007296
"Endothelial","RIPRSVZ",11.630197435123
"Endothelial","RIPRSVZ",18.3048168361195
"Endothelial","RIPRSVZ",17.8136676749207
"Endothelial","RIPRSVZ",15.345803223844
"Endothelial","RIPRSVZ",21.7110948344801
"Endothelial","RIPRSVZ",19.010937179842
"Endothelial","RIPRSVZ",10.14834727893
"Endothelial","RIPRSVZ",20.064901834084
"Endothelial","RIPRSVZ",17.9648074733897
"Endothelial","RIPRSVZ",18.3003601774364
"Endothelial","RIPRSVZ",16.6978332725299
"Endothelial","RIPRSVZ",10.9773228682598
"Endothelial","RIPRSVZ",14.7821713454395
"Endothelial","RIPRSVZ",24.6391701001724
"Endothelial","RIPRSVZ",13.6926274195715
"Endothelial","RIPRSVZ",17.2839816674226
"Endothelial","RIPRSVZ",20.9951993133779
"Endothelial","RIPRSVZ",17.3948838821705
"Endothelial","RIPRSVZ",18.799784791933
"Endothelial","RIPRSVZ",14.3272993056781
"Endothelial","RIPRSVZ",13.5263584815181
"Endothelial","RIPRSVZ",26.1874432790414
"Endothelial","RIPRSVZ",18.0347666866799
"Endothelial","RIPRSVZ",20.6476431186741
"Endothelial","RIPRSVZ",16.0114091820908
"Endothelial","RIPRSVZ",12.6749394338269
"Endothelial","RIPRSVZ",19.0295588346635
"Endothelial","RIPRSVZ",15.8234899401185
"Endothelial","RIPRSVZ",21.2156132672662
"Endothelial","RIPRSVZ",21.1047977566208
"Endothelial","RIPRSVZ",8.99870058483399
"Endothelial","RIPRSVZ",10.7290474574289
"Endothelial","RIPRSVZ",21.9594295909177
"Endothelial","RIPRSVZ",20.5224251107852
"Endothelial","RIPRSVZ",18.7958348958876
"Endothelial","RIPRSVZ",13.7793213196621
"Endothelial","RIPRSVZ",17.4480733352384
"Endothelial","RIPRSVZ",19.6344463018318
"Endothelial","RIPRSVZ",10.5883384652111
"Endothelial","RIPRSVZ",23.9997018629641
"Endothelial","RIPRSVZ",27.0414719527091
"Endothelial","RIPRSVZ",19.669941196682
"Endothelial","RIPRSVZ",16.2764575485885
"Endothelial","RIPRSVZ",17.1735503136693
"Endothelial","RIPRSVZ",14.2526481613321
"Endothelial","RIPRSVZ",26.6257315581813
"Endothelial","RIPRSVZ",13.9366343921782
"Endothelial","RIPRSVZ",9.33558008616966
"Endothelial","RIPRSVZ",22.5632211034015
"Endothelial","RIPRSVZ",14.0465034000974
"Endothelial","RIPRSVZ",18.2833988523006
"Endothelial","RIPRSVZ",15.5822280157989
"Endothelial","RIPRSVZ",15.2884919408961
"Endothelial","RIPRSVZ",11.861933469275
"Endothelial","RIPRSVZ",15.9419113701057
"Endothelial","RIPRSVZ",9.63375057010233
"Endothelial","RIPRSVZ",18.920311855193
"Endothelial","RIPRSVZ",21.2996875286515
"Endothelial","RIPRSVZ",17.5998593569937
"Endothelial","RIPRSVZ",13.3699097754822
"Endothelial","RIPRSVZ",25.4370682759319
"Endothelial","RIPRSVZ",15.9015119095192
"Endothelial","RIPRSVZ",21.3052745404382
"Endothelial","RIPRSVZ",21.0912020607704
"Endothelial","RIPRSVZ",18.4812211827399
"Endothelial","RIPRSVZ",24.5223544322501
"Endothelial","RIPRSVZ",16.1892795765964
"Endothelial","RIPRSVZ",13.2424561202889
"Endothelial","RIPRSVZ",21.8538993957535
"Endothelial","RIPRSVZ",19.866384875539
"Endothelial","RIPRSVZ",21.439079814583
"Endothelial","RIPRSVZ",16.6562815477325
"Endothelial","RIPRSVZ",13.1957030595727
"Endothelial","RIPRSVZ",17.366631833262
"Endothelial","RIPRSVZ",11.9214468407267
"Endothelial","RIPRSVZ",21.6052429312128
"Endothelial","RIPRSVZ",11.0684766258356
"Endothelial","RIPRSVZ",15.906710414894
"Endothelial","RIPRSVZ",14.6663035648799
"Endothelial","RIPRSVZ",16.9381157647784
"Endothelial","RIPRSVZ",18.9793002758124
"Endothelial","RIPRSVZ",18.0195369776186
"Endothelial","RIPRSVZ",17.281539552858
"Endothelial","RIPRSVZ",18.4251032952027
"Endothelial","RIPRSVZ",14.2583443542853
"Endothelial","RIPRSVZ",19.1819330532888
"Endothelial","RIPRSVZ",21.1047436490977
"Endothelial","RIPRSVZ",16.4672276320145
"Endothelial","RIPRSVZ",10.1372994374775
"Endothelial","RIPRSVZ",22.5931668890059
"Endothelial","RIPRSVZ",21.1189733201512
"Endothelial","RIPRSVZ",16.6117592159136
"Endothelial","RIPRSVZ",17.8749903337873
"Endothelial","RIPRSVZ",18.5296201874926
"Endothelial","RIPRSVZ",16.474017515281
"Endothelial","RIPRSVZ",16.3849587673634
"Endothelial","RIPRSVZ",20.3398943549239
"Endothelial","RIPRSVZ",21.3835230899098
"Endothelial","RIPRSVZ",16.1714794407368
"Endothelial","RIPRSVZ",9.88108177610446
"Endothelial","RIPRSVZ",12.0826388475504
"Endothelial","RIPRSVZ",19.6820412690496
"Endothelial","RIPRSVZ",16.7106893967297
"Endothelial","RIPRSVZ",17.4017535917535
"Endothelial","RIPRSVZ",21.0356504801197
"Endothelial","RIPRSVZ",15.3926884727747
"Endothelial","RIPRSVZ",21.5570474782587
"Endothelial","RIPRSVZ",17.0047407482474
"Endothelial","RIPRSVZ",17.640445303047
"Endothelial","RIPRSVZ",22.109945957795
"Endothelial","RIPRSVZ",19.7603632969134
"Endothelial","RIPRSVZ",14.0529771516414
"Endothelial","RIPRSVZ",23.1659540509895
"Endothelial","RIPRSVZ",17.8047511370639
"Endothelial","RIPRSVZ",19.2195497542526
"Endothelial","RIPRSVZ",8.85425175174198
